{
  "best_global_step": 16524,
  "best_metric": 0.8236765625574808,
  "best_model_checkpoint": "./joint_distilbert_structured_results/checkpoint-16524",
  "epoch": 2.0,
  "eval_steps": 500,
  "global_step": 16524,
  "is_hyper_param_search": false,
  "is_local_process_zero": true,
  "is_world_process_zero": true,
  "log_history": [
    {
      "epoch": 1.0,
      "grad_norm": 7.587540626525879,
      "learning_rate": 1.0001210360687485e-05,
      "loss": 0.5,
      "step": 8262
    },
    {
      "epoch": 1.0,
      "eval_accuracy": 0.7825889615105301,
      "eval_f1": 0.8214152561330251,
      "eval_loss": 0.46193432807922363,
      "eval_precision": 0.8009306383597499,
      "eval_recall": 0.8429752066115702,
      "eval_runtime": 62.041,
      "eval_samples_per_second": 355.12,
      "eval_steps_per_second": 44.39,
      "step": 8262
    },
    {
      "epoch": 2.0,
      "grad_norm": 5.504261493682861,
      "learning_rate": 1.2103606874848706e-09,
      "loss": 0.3844,
      "step": 16524
    },
    {
      "epoch": 2.0,
      "eval_accuracy": 0.7824527959331881,
      "eval_f1": 0.8236765625574808,
      "eval_loss": 0.5063025951385498,
      "eval_precision": 0.7931278781438187,
      "eval_recall": 0.8566727884909703,
      "eval_runtime": 61.511,
      "eval_samples_per_second": 358.18,
      "eval_steps_per_second": 44.772,
      "step": 16524
    }
  ],
  "logging_steps": 500,
  "max_steps": 16524,
  "num_input_tokens_seen": 0,
  "num_train_epochs": 2,
  "save_steps": 500,
  "stateful_callbacks": {
    "TrainerControl": {
      "args": {
        "should_epoch_stop": false,
        "should_evaluate": false,
        "should_log": false,
        "should_save": true,
        "should_training_stop": true
      },
      "attributes": {}
    }
  },
  "total_flos": 0.0,
  "train_batch_size": 8,
  "trial_name": null,
  "trial_params": null
}
